Fase;Equipo 1;Goles 1;Goles 2;Equipo 2;Partido
1;Argentina;1;2;Arabia Saudita;1
1;Polonia;0;0;Mexico;2
1;Argentina;2;0;Mexico;3
1;Arabia Saudita;0;2;Polonia;4
2;Paises Bajos;3;1;Estados Unidos;5
2;Argentina;2;1;Australia;6
2;Francia;3;1;Polonia;7
2;Inglaterra;3;0;Senegal;8
2;Japon;1;3;Croacia;9
2;Brasil;4;1;Corea del Sur;10
2;Marruecos;3;0;España;11
2;Portugal;6;1;Suiza;12
3;Croacia;4;2;Brasil;13
3;Paises Bajos;3;4;Argentina;14
3;Marruecos;1;0;Portugal;15
3;Inglaterra;1;2;Francia;16
4;Argentina;3;0;Croacia;17
4;Francia;2;0;Marruecos;18
5;Croacia;2;1;Marruecos;19
5;Argentina;4;2;Francia;20
