Jugador;Equipo 1;Gana 1;Empata;Gana 2;Equipo 2;Partido
Mariana;Argentina;X;;;Arabia Saudita;1
Mariana;Polonia;;X;;Mexico;2
Mariana;Argentina;X;;;Mexico;3
Mariana;Arabia Saudita;;;X;Polonia;4
Mariana;Paises Bajos;X;;;Estados Unidos;5
Mariana;Argentina;X;;;Australia;6
Mariana;Francia;X;;;Polonia;7
Mariana;Inglaterra;X;;;Senegal;8
Mariana;Japon;;;X;Croacia;9
Mariana;Brasil;X;;;Corea del Sur;10
Mariana;Marruecos;;;X;España;11
Mariana;Portugal;X;;;Suiza;12
Mariana;Croacia;;;X;Brasil;13
Mariana;Paises Bajos;;;X;Argentina;14
Mariana;Marruecos;;;X;Portugal;15
Mariana;Inglaterra;X;;;Francia;16
Mariana;Argentina;X;;;Croacia;17
Mariana;Francia;X;;;Marruecos;18
Mariana;Croacia;X;;;Marruecos;19
Mariana;Argentina;X;;;Francia;20
Pedro;Argentina;X;;;Arabia Saudita;1
Pedro;Polonia;;;X;Mexico;2
Pedro;Argentina;X;;;Mexico;3
Pedro;Arabia Saudita;;X;;Polonia;4
Pedro;Paises Bajos;X;;;Estados Unidos;5
Pedro;Argentina;X;;;Australia;6
Pedro;Francia;X;;;Polonia;7
Pedro;Inglaterra;X;;;Senegal;8
Pedro;Japon;;;X;Croacia;9
Pedro;Brasil;X;;;Corea del Sur;10
Pedro;Marruecos;;;X;España;11
Pedro;Portugal;X;;;Suiza;12
Pedro;Croacia;;;X;Brasil;13
Pedro;Paises Bajos;;;X;Argentina;14
Pedro;Marruecos;;;X;Portugal;15
Pedro;Inglaterra;X;;;Francia;16
Pedro;Argentina;X;;;Croacia;17
Pedro;Francia;X;;;Marruecos;18
Pedro;Croacia;X;;;Marruecos;19
Pedro;Argentina;X;;;Francia;20
Jorge;Argentina;;;X;Arabia Saudita;1
Jorge;Polonia;;X;;Mexico;2
Jorge;Argentina;X;;;Mexico;3
Jorge;Arabia Saudita;;;X;Polonia;4
Jorge;Paises Bajos;X;;;Estados Unidos;5
Jorge;Argentina;X;;;Australia;6
Jorge;Francia;X;;;Polonia;7
Jorge;Inglaterra;X;;;Senegal;8
Jorge;Japon;;;X;Croacia;9
Jorge;Brasil;X;;;Corea del Sur;10
Jorge;Marruecos;;;X;España;11
Jorge;Portugal;X;;;Suiza;12
Jorge;Croacia;;;X;Brasil;13
Jorge;Paises Bajos;;;X;Argentina;14
Jorge;Marruecos;;;X;Portugal;15
Jorge;Inglaterra;X;;;Francia;16
Jorge;Argentina;X;;;Croacia;17
Jorge;Francia;X;;;Marruecos;18
Jorge;Croacia;X;;;Marruecos;19
Jorge;Argentina;X;;;Francia;20
Leticia;Argentina;;;X;Arabia Saudita;1
Leticia;Polonia;;X;;Mexico;2
Leticia;Argentina;;;X;Mexico;3
Leticia;Arabia Saudita;X;;;Polonia;4
Leticia;Paises Bajos;X;;;Estados Unidos;5
Leticia;Argentina;X;;;Australia;6
Leticia;Francia;X;;;Polonia;7
Leticia;Inglaterra;X;;;Senegal;8
Leticia;Japon;;;X;Croacia;9
Leticia;Brasil;X;;;Corea del Sur;10
Leticia;Marruecos;;;X;España;11
Leticia;Portugal;X;;;Suiza;12
Leticia;Croacia;;;X;Brasil;13
Leticia;Paises Bajos;;;X;Argentina;14
Leticia;Marruecos;;;X;Portugal;15
Leticia;Inglaterra;X;;;Francia;16
Leticia;Argentina;X;;;Croacia;17
Leticia;Francia;X;;;Marruecos;18
Leticia;Croacia;X;;;Marruecos;19
Leticia;Argentina;X;;;Francia;20
